{"cameraMode":{"drawMode":0,"name":"Shaded","section":"Shading Mode"},"sceneLighting":true,"audioPlay":false,"sceneViewState":{"m_AlwaysRefresh":false,"showFog":true,"showSkybox":true,"showFlares":true,"showImageEffects":true,"showParticleSystems":true,"showVisualEffectGraphs":true,"m_FxEnabled":true},"in2DMode":false,"pivot":{"x":-0.35299766063690188,"y":-0.08323299884796143,"z":6.979599475860596},"rotation":{"x":-0.06770499795675278,"y":0.038304403424263,"z":-0.002768455073237419,"w":-0.9970638751983643},"size":6.447329044342041,"orthographic":false}