{"cameraMode":{"drawMode":0,"name":"Shaded","section":"Shading Mode"},"sceneLighting":false,"audioPlay":false,"sceneViewState":{"m_AlwaysRefresh":false,"showFog":true,"showSkybox":false,"showFlares":true,"showImageEffects":true,"showParticleSystems":true,"showVisualEffectGraphs":true,"m_FxEnabled":true},"in2DMode":false,"pivot":{"x":0.3999999761581421,"y":1.0199999809265137,"z":0.32999998331069949},"rotation":{"x":-0.08460760861635208,"y":0.4957558512687683,"z":-0.048775725066661838,"w":-0.863062858581543},"size":0.34641018509864809,"orthographic":false}